Workbook

Sheet Rekap
A1: REKAP MASTER KPM PM
A3: SATUAN PENDIDIKAN
A4: KODE KPM | B4: NAMA KPM | C4: PORSI KECIL L | D4: PORSI KECIL P | E4: JUMLAH | F4: PORSI BESAR L | G4: PORSI BESAR P | H4: JUMLAH | I4: TOTAL
A5: ='Satuan Pendidikan'!S3 -> KPM-SP-001 | B5: ='Satuan Pendidikan'!C3 -> KB Al-Istiqomah | C5: ='Satuan Pendidikan'!E3 -> 24 | D5: ='Satuan Pendidikan'!D3 -> 18 | E5: ='Satuan Pendidikan'!F3 -> 42 | F5: ='Satuan Pendidikan'!H3 -> 0 | G5: ='Satuan Pendidikan'!G3 -> 0 | H5: ='Satuan Pendidikan'!I3 -> 0 | I5: ='Satuan Pendidikan'!J3 -> 42
A6: ='Satuan Pendidikan'!S4 -> KPM-SP-002 | B6: ='Satuan Pendidikan'!C4 -> KB Al-Muttaqien | C6: ='Satuan Pendidikan'!E4 -> 20 | D6: ='Satuan Pendidikan'!D4 -> 19 | E6: ='Satuan Pendidikan'!F4 -> 39 | F6: ='Satuan Pendidikan'!H4 -> 0 | G6: ='Satuan Pendidikan'!G4 -> 0 | H6: ='Satuan Pendidikan'!I4 -> 0 | I6: ='Satuan Pendidikan'!J4 -> 39
A7: ='Satuan Pendidikan'!S5 -> KPM-SP-003 | B7: ='Satuan Pendidikan'!C5 -> RA/BA/TA Al-Mukarromah | C7: ='Satuan Pendidikan'!E5 -> 32 | D7: ='Satuan Pendidikan'!D5 -> 26 | E7: ='Satuan Pendidikan'!F5 -> 58 | F7: ='Satuan Pendidikan'!H5 -> 0 | G7: ='Satuan Pendidikan'!G5 -> 0 | H7: ='Satuan Pendidikan'!I5 -> 0 | I7: ='Satuan Pendidikan'!J5 -> 58
A8: ='Satuan Pendidikan'!S6 -> KPM-SP-004 | B8: ='Satuan Pendidikan'!C6 -> RA Raudlatul Mubtadiin | C8: ='Satuan Pendidikan'!E6 -> 7 | D8: ='Satuan Pendidikan'!D6 -> 10 | E8: ='Satuan Pendidikan'!F6 -> 17 | F8: ='Satuan Pendidikan'!H6 -> 0 | G8: ='Satuan Pendidikan'!G6 -> 0 | H8: ='Satuan Pendidikan'!I6 -> 0 | I8: ='Satuan Pendidikan'!J6 -> 17
A9: ='Satuan Pendidikan'!S7 -> KPM-SP-005 | B9: ='Satuan Pendidikan'!C7 -> SPS Darussalam | C9: ='Satuan Pendidikan'!E7 -> 18 | D9: ='Satuan Pendidikan'!D7 -> 17 | E9: ='Satuan Pendidikan'!F7 -> 35 | F9: ='Satuan Pendidikan'!H7 -> 0 | G9: ='Satuan Pendidikan'!G7 -> 0 | H9: ='Satuan Pendidikan'!I7 -> 0 | I9: ='Satuan Pendidikan'!J7 -> 35
A10: ='Satuan Pendidikan'!S8 -> KPM-SP-006 | B10: ='Satuan Pendidikan'!C8 -> SPS Al-Ikhsan | C10: ='Satuan Pendidikan'!E8 -> 18 | D10: ='Satuan Pendidikan'!D8 -> 12 | E10: ='Satuan Pendidikan'!F8 -> 30 | F10: ='Satuan Pendidikan'!H8 -> 0 | G10: ='Satuan Pendidikan'!G8 -> 0 | H10: ='Satuan Pendidikan'!I8 -> 0 | I10: ='Satuan Pendidikan'!J8 -> 30
A11: ='Satuan Pendidikan'!S9 -> KPM-SP-007 | B11: ='Satuan Pendidikan'!C9 -> SPS Purbajaya | C11: ='Satuan Pendidikan'!E9 -> 11 | D11: ='Satuan Pendidikan'!D9 -> 9 | E11: ='Satuan Pendidikan'!F9 -> 20 | F11: ='Satuan Pendidikan'!H9 -> 0 | G11: ='Satuan Pendidikan'!G9 -> 0 | H11: ='Satuan Pendidikan'!I9 -> 0 | I11: ='Satuan Pendidikan'!J9 -> 20
A12: ='Satuan Pendidikan'!S10 -> KPM-SP-008 | B12: ='Satuan Pendidikan'!C10 -> SPS Purbasari | C12: ='Satuan Pendidikan'!E10 -> 28 | D12: ='Satuan Pendidikan'!D10 -> 23 | E12: ='Satuan Pendidikan'!F10 -> 51 | F12: ='Satuan Pendidikan'!H10 -> 0 | G12: ='Satuan Pendidikan'!G10 -> 0 | H12: ='Satuan Pendidikan'!I10 -> 0 | I12: ='Satuan Pendidikan'!J10 -> 51
A13: ='Satuan Pendidikan'!S11 -> KPM-SP-009 | B13: ='Satuan Pendidikan'!C11 -> TK Al-Hidayah | C13: ='Satuan Pendidikan'!E11 -> 20 | D13: ='Satuan Pendidikan'!D11 -> 15 | E13: ='Satuan Pendidikan'!F11 -> 35 | F13: ='Satuan Pendidikan'!H11 -> 0 | G13: ='Satuan Pendidikan'!G11 -> 0 | H13: ='Satuan Pendidikan'!I11 -> 0 | I13: ='Satuan Pendidikan'!J11 -> 35
A14: ='Satuan Pendidikan'!S12 -> KPM-SP-010 | B14: ='Satuan Pendidikan'!C12 -> TK Bina Sarana | C14: ='Satuan Pendidikan'!E12 -> 18 | D14: ='Satuan Pendidikan'!D12 -> 22 | E14: ='Satuan Pendidikan'!F12 -> 40 | F14: ='Satuan Pendidikan'!H12 -> 0 | G14: ='Satuan Pendidikan'!G12 -> 0 | H14: ='Satuan Pendidikan'!I12 -> 0 | I14: ='Satuan Pendidikan'!J12 -> 40
A15: ='Satuan Pendidikan'!S13 -> KPM-SP-011 | B15: ='Satuan Pendidikan'!C13 -> TK Islam Al-Mustaqim | C15: ='Satuan Pendidikan'!E13 -> 37 | D15: ='Satuan Pendidikan'!D13 -> 43 | E15: ='Satuan Pendidikan'!F13 -> 80 | F15: ='Satuan Pendidikan'!H13 -> 0 | G15: ='Satuan Pendidikan'!G13 -> 0 | H15: ='Satuan Pendidikan'!I13 -> 0 | I15: ='Satuan Pendidikan'!J13 -> 80
A16: ='Satuan Pendidikan'!S14 -> KPM-SP-012 | B16: ='Satuan Pendidikan'!C14 -> TK Muslimat NU 1 | C16: ='Satuan Pendidikan'!E14 -> 13 | D16: ='Satuan Pendidikan'!D14 -> 10 | E16: ='Satuan Pendidikan'!F14 -> 23 | F16: ='Satuan Pendidikan'!H14 -> 0 | G16: ='Satuan Pendidikan'!G14 -> 0 | H16: ='Satuan Pendidikan'!I14 -> 0 | I16: ='Satuan Pendidikan'!J14 -> 23
... A32: ='Satuan Pendidikan'!S30 -> KPM-SP-028 | B32: ='Satuan Pendidikan'!C30 -> SMKS NU Ghofarona | C32: ='Satuan Pendidikan'!E30 -> 0 | D32: ='Satuan Pendidikan'!D30 -> 0 | E32: ='Satuan Pendidikan'!F30 -> 0 | F32: ='Satuan Pendidikan'!H30 -> 81 | G32: ='Satuan Pendidikan'!G30 -> 42 | H32: ='Satuan Pendidikan'!I30 -> 123 | I32: ='Satuan Pendidikan'!J30 -> 123
A33: JUMLAH TOTAL | C33: =SUM(C5:C32) -> 681 | D33: =SUM(D5:D32) -> 623 | E33: =SUM(E5:E32) -> 1304 | F33: =SUM(F5:F32) -> 591 | G33: =SUM(G5:G32) -> 548 | H33: =SUM(H5:H32) -> 1139 | I33: =SUM(I5:I32) -> 2443
A35: POSYANDU
A36: KODE KPM | B36: NAMA KPM | C36: PORSI KECIL L | D36: PORSI KECIL P | E36: JUMLAH | F36: PORSI BESAR P | G36: JUMLAH | H36: TOTAL
A37: =Posyandu!K3 -> KPM-POS-001 | B37: =Posyandu!C3 -> Cempaka 1 | C37: =Posyandu!E3 -> 26 | D37: =Posyandu!D3 -> 18 | E37: =Posyandu!F3 -> 44 | F37: =Posyandu!G3+ Posyandu!H3 -> 38 | G37: =Posyandu!I3 -> 38 | H37: =Posyandu!J3 -> 82
A38: =Posyandu!K4 -> KPM-POS-002 | B38: =Posyandu!C4 -> Cempaka 2 | C38: =Posyandu!E4 -> 29 | D38: =Posyandu!D4 -> 24 | E38: =Posyandu!F4 -> 53 | F38: =Posyandu!G4+ Posyandu!H4 -> 44 | G38: =Posyandu!I4 -> 44 | H38: =Posyandu!J4 -> 97
A39: =Posyandu!K5 -> KPM-POS-003 | B39: =Posyandu!C5 -> Cempaka 3 | C39: =Posyandu!E5 -> 18 | D39: =Posyandu!D5 -> 16 | E39: =Posyandu!F5 -> 34 | F39: =Posyandu!G5+ Posyandu!H5 -> 20 | G39: =Posyandu!I5 -> 20 | H39: =Posyandu!J5 -> 54
A40: =Posyandu!K6 -> KPM-POS-004 | B40: =Posyandu!C6 -> Cempaka 4 | C40: =Posyandu!E6 -> 19 | D40: =Posyandu!D6 -> 21 | E40: =Posyandu!F6 -> 40 | F40: =Posyandu!G6+ Posyandu!H6 -> 35 | G40: =Posyandu!I6 -> 35 | H40: =Posyandu!J6 -> 75
A41: =Posyandu!K7 -> KPM-POS-005 | B41: =Posyandu!C7 -> Cempaka 5 | C41: =Posyandu!E7 -> 18 | D41: =Posyandu!D7 -> 17 | E41: =Posyandu!F7 -> 35 | F41: =Posyandu!G7+ Posyandu!H7 -> 26 | G41: =Posyandu!I7 -> 26 | H41: =Posyandu!J7 -> 61
A42: =Posyandu!K8 -> KPM-POS-006 | B42: =Posyandu!C8 -> Cempaka 6 | C42: =Posyandu!E8 -> 10 | D42: =Posyandu!D8 -> 20 | E42: =Posyandu!F8 -> 30 | F42: =Posyandu!G8+ Posyandu!H8 -> 22 | G42: =Posyandu!I8 -> 22 | H42: =Posyandu!J8 -> 52
A43: =Posyandu!K9 -> KPM-POS-007 | B43: =Posyandu!C9 -> Cempaka 7 | C43: =Posyandu!E9 -> 10 | D43: =Posyandu!D9 -> 3 | E43: =Posyandu!F9 -> 13 | F43: =Posyandu!G9+ Posyandu!H9 -> 8 | G43: =Posyandu!I9 -> 8 | H43: =Posyandu!J9 -> 21
A44: =Posyandu!K10 -> KPM-POS-008 | B44: =Posyandu!C10 -> Purba Luwih 1 | C44: =Posyandu!E10 -> 24 | D44: =Posyandu!D10 -> 20 | E44: =Posyandu!F10 -> 44 | F44: =Posyandu!G10+ Posyandu!H10 -> 16 | G44: =Posyandu!I10 -> 16 | H44: =Posyandu!J10 -> 60
A45: =Posyandu!K11 -> KPM-POS-009 | B45: =Posyandu!C11 -> Purba Luwih 2 | C45: =Posyandu!E11 -> 7 | D45: =Posyandu!D11 -> 12 | E45: =Posyandu!F11 -> 19 | F45: =Posyandu!G11+ Posyandu!H11 -> 26 | G45: =Posyandu!I11 -> 26 | H45: =Posyandu!J11 -> 45
A46: =Posyandu!K12 -> KPM-POS-010 | B46: =Posyandu!C12 -> Purba Asih | C46: =Posyandu!E12 -> 19 | D46: =Posyandu!D12 -> 13 | E46: =Posyandu!F12 -> 32 | F46: =Posyandu!G12+ Posyandu!H12 -> 28 | G46: =Posyandu!I12 -> 28 | H46: =Posyandu!J12 -> 60
A47: =Posyandu!K13 -> KPM-POS-011 | B47: =Posyandu!C13 -> Purba Sari | C47: =Posyandu!E13 -> 25 | D47: =Posyandu!D13 -> 35 | E47: =Posyandu!F13 -> 60 | F47: =Posyandu!G13+ Posyandu!H13 -> 47 | G47: =Posyandu!I13 -> 47 | H47: =Posyandu!J13 -> 107
A48: =Posyandu!K14 -> KPM-POS-012 | B48: =Posyandu!C14 -> Purba Endah | C48: =Posyandu!E14 -> 41 | D48: =Posyandu!D14 -> 40 | E48: =Posyandu!F14 -> 81 | F48: =Posyandu!G14+ Posyandu!H14 -> 49 | G48: =Posyandu!I14 -> 49 | H48: =Posyandu!J14 -> 130
A49: =Posyandu!K15 -> KPM-POS-013 | B49: =Posyandu!C15 -> Purba Jaya | C49: =Posyandu!E15 -> 19 | D49: =Posyandu!D15 -> 24 | E49: =Posyandu!F15 -> 43 | F49: =Posyandu!G15+ Posyandu!H15 -> 30 | G49: =Posyandu!I15 -> 30 | H49: =Posyandu!J15 -> 73
A50: JUMLAH TOTAL | C50: =SUM(C37:C49) -> 265 | D50: =SUM(D37:D49) -> 263 | E50: =SUM(E37:E49) -> 528 | F50: =SUM(F37:F49) -> 389 | G50: =SUM(G37:G49) -> 389 | H50: =SUM(H37:H49) -> 917

Sheet Satuan Pendidikan
A1: NO | B1: KELOMPOK PENERIMA MANFAAT | C1: NAMA SATUAN PENDIDIKAN | D1: PORSI KECIL PESERTA DIDIK | G1: PORSI BESAR PESERTA DIDIK | J1: TOTAL PESERTA DIDIK PORSI KECIL & BESAR | K1: PENDIDIK | N1: TENAGA KEPENDIDIKAN | Q1: TOTAL PENDIDIK & TENAGA KEPENDIDIKAN | R1: TOTAL PENERIMA MANFAAT | S1: KODE KPM
D2: P | E2: L | F2: JUMLAH PORSI KECIL | G2: P | H2: L | I2: JUMLAH PORSI BESAR | K2: P | L2: L | M2: JUMLAH PENDIDIK | N2: P | O2: L | P2: JUMLAH TENAGA KEPENDIDIKAN
A3: 1 | B3: PAUD/TK/RA/TKLB | C3: KB Al-Istiqomah | D3: 18 | E3: 24 | F3: =SUM(D3:E3) -> 42 | J3: =F3 -> 42 | K3: 3 | M3: =SUM(K3:L3) -> 3 | O3: 1 | P3: =SUM(N3:O3) -> 1 | Q3: =SUM(M3+P3) -> 4 | R3: =SUM(J3+Q3) -> 46 | S3: KPM-SP-001
A4: 2 | C4: KB Al-Muttaqien | D4: 19 | E4: 20 | F4: =SUM(D4:E4) -> 39 | J4: =F4 -> 39 | K4: 3 | L4: 1 | M4: =SUM(K4:L4) -> 4 | O4: 1 | P4: =SUM(N4:O4) -> 1 | Q4: =SUM(M4+P4) -> 5 | R4: =SUM(J4+Q4) -> 44 | S4: KPM-SP-002
A5: 3 | C5: RA/BA/TA Al-Mukarromah | D5: 26 | E5: 32 | F5: =SUM(D5:E5) -> 58 | J5: =F5 -> 58 | K5: 5 | M5: =SUM(K5:L5) -> 5 | O5: 1 | P5: =SUM(N5:O5) -> 1 | Q5: =SUM(M5+P5) -> 6 | R5: =SUM(J5+Q5) -> 64 | S5: KPM-SP-003
A6: 4 | C6: RA Raudlatul Mubtadiin | D6: 10 | E6: 7 | F6: =SUM(D6:E6) -> 17 | J6: =F6 -> 17 | K6: 4 | M6: =SUM(K6:L6) -> 4 | O6: 1 | P6: =SUM(N6:O6) -> 1 | Q6: =SUM(M6+P6) -> 5 | R6: =SUM(J6+Q6) -> 22 | S6: KPM-SP-004
A7: 5 | C7: SPS Darussalam | D7: 17 | E7: 18 | F7: =SUM(D7:E7) -> 35 | J7: =F7 -> 35 | K7: 4 | M7: =SUM(K7:L7) -> 4 | N7: 1 | P7: =SUM(N7:O7) -> 1 | Q7: =SUM(M7+P7) -> 5 | R7: =SUM(J7+Q7) -> 40 | S7: KPM-SP-005
A8: 6 | C8: SPS Al-Ikhsan | D8: 12 | E8: 18 | F8: =SUM(D8:E8) -> 30 | J8: =F8 -> 30 | K8: 3 | M8: =SUM(K8:L8) -> 3 | O8: 2 | P8: =SUM(N8:O8) -> 2 | Q8: =SUM(M8+P8) -> 5 | R8: =SUM(J8+Q8) -> 35 | S8: KPM-SP-006
A9: 7 | C9: SPS Purbajaya | D9: 9 | E9: 11 | F9: =SUM(D9:E9) -> 20 | J9: =F9 -> 20 | K9: 4 | M9: =SUM(K9:L9) -> 4 | P9: =SUM(N9:O9) -> 0 | Q9: =SUM(M9+P9) -> 4 | R9: =SUM(J9+Q9) -> 24 | S9: KPM-SP-007
A10: 8 | C10: SPS Purbasari | D10: 23 | E10: 28 | F10: =SUM(D10:E10) -> 51 | J10: =F10 -> 51 | K10: 5 | M10: =SUM(K10:L10) -> 5 | P10: =SUM(N10:O10) -> 0 | Q10: =SUM(M10+P10) -> 5 | R10: =SUM(J10+Q10) -> 56 | S10: KPM-SP-008
A11: 9 | C11: TK Al-Hidayah | D11: 15 | E11: 20 | F11: =SUM(D11:E11) -> 35 | J11: =F11 -> 35 | K11: 4 | M11: =SUM(K11:L11) -> 4 | N11: 2 | P11: =SUM(N11:O11) -> 2 | Q11: =SUM(M11+P11) -> 6 | R11: =SUM(J11+Q11) -> 41 | S11: KPM-SP-009
A12: 10 | C12: TK Bina Sarana | D12: 22 | E12: 18 | F12: =SUM(D12:E12) -> 40 | J12: =F12 -> 40 | K12: 4 | M12: =SUM(K12:L12) -> 4 | N12: 1 | O12: 1 | P12: =SUM(N12:O12) -> 2 | Q12: =SUM(M12+P12) -> 6 | R12: =SUM(J12+Q12) -> 46 | S12: KPM-SP-010
A13: 11 | C13: TK Islam Al-Mustaqim | D13: 43 | E13: 37 | F13: =SUM(D13:E13) -> 80 | J13: =F13 -> 80 | K13: 5 | M13: =SUM(K13:L13) -> 5 | N13: 2 | P13: =SUM(N13:O13) -> 2 | Q13: =SUM(M13+P13) -> 7 | R13: =SUM(J13+Q13) -> 87 | S13: KPM-SP-011
A14: 12 | C14: TK Muslimat NU 1 | D14: 10 | E14: 13 | F14: =SUM(D14:E14) -> 23 | J14: =F14 -> 23 | K14: 4 | M14: =SUM(K14:L14) -> 4 | N14: 1 | P14: =SUM(N14:O14) -> 1 | Q14: =SUM(M14+P14) -> 5 | R14: =SUM(J14+Q14) -> 28 | S14: KPM-SP-012
A15: 13 | C15: TK Muslimat NU 2 | D15: 13 | E15: 10 | F15: =SUM(D15:E15) -> 23 | J15: =F15 -> 23 | K15: 3 | M15: =SUM(K15:L15) -> 3 | N15: 1 | P15: =SUM(N15:O15) -> 1 | Q15: =SUM(M15+P15) -> 4 | R15: =SUM(J15+Q15) -> 27 | S15: KPM-SP-013
A16: 14 | B16: SD/MI/SD SLB | C16: SDIT As-Syuaibiyah | D16: 41 | E16: 45 | F16: =SUM(D16:E16) -> 86 | G16: 22 | H16: 34 | I16: =SUM(G16:H16) -> 56 | J16: =SUM(F16+I16) -> 142 | K16: 9 | L16: 4 | M16: =SUM(K16:L16) -> 13 | O16: 4 | P16: =SUM(N16:O16) -> 4 | Q16: =SUM(M16+P16) -> 17 | R16: =SUM(J16+Q16) -> 159 | S16: KPM-SP-014
A17: 15 | C17: SD Negeri Agus Salim | D17: 29 | E17: 37 | F17: =SUM(D17:E17) -> 66 | G17: 17 | H17: 32 | I17: =SUM(G17:H17) -> 49 | J17: =SUM(F17+I17) -> 115 | K17: 5 | L17: 2 | M17: =SUM(K17:L17) -> 7 | N17: 1 | P17: =SUM(N17:O17) -> 1 | Q17: =SUM(M17+P17) -> 8 | R17: =SUM(J17+Q17) -> 123 | S17: KPM-SP-015
A18: 16 | C18: SD Negeri Fatahillah | D18: 14 | E18: 16 | F18: =SUM(D18:E18) -> 30 | G18: 15 | H18: 26 | I18: =SUM(G18:H18) -> 41 | J18: =SUM(F18+I18) -> 71 | K18: 10 | M18: =SUM(K18:L18) -> 10 | P18: =SUM(N18:O18) -> 0 | Q18: =SUM(M18+P18) -> 10 | R18: =SUM(J18+Q18) -> 81 | S18: KPM-SP-016
A19: 17 | C19: SD Negeri Hegarmanah | D19: 27 | E19: 38 | F19: =SUM(D19:E19) -> 65 | G19: 43 | H19: 40 | I19: =SUM(G19:H19) -> 83 | J19: =SUM(F19+I19) -> 148 | K19: 6 | L19: 2 | M19: =SUM(K19:L19) -> 8 | N19: 2 | O19: 1 | P19: =SUM(N19:O19) -> 3 | Q19: =SUM(M19+P19) -> 11 | R19: =SUM(J19+Q19) -> 159 | S19: KPM-SP-017
A20: 18 | C20: SD Negeri Kebondanas | D20: 47 | E20: 53 | F20: =SUM(D20:E20) -> 100 | G20: 55 | H20: 46 | I20: =SUM(G20:H20) -> 101 | J20: =SUM(F20+I20) -> 201 | K20: 4 | L20: 4 | M20: =SUM(K20:L20) -> 8 | O20: 1 | P20: =SUM(N20:O20) -> 1 | Q20: =SUM(M20+P20) -> 9 | R20: =SUM(J20+Q20) -> 210 | S20: KPM-SP-018
A21: 19 | C21: SD Negeri Pusakajaya | D21: 66 | E21: 69 | F21: =SUM(D21:E21) -> 135 | G21: 68 | H21: 58 | I21: =SUM(G21:H21) -> 126 | J21: =SUM(F21+I21) -> 261 | K21: 6 | L21: 3 | M21: =SUM(K21:L21) -> 9 | P21: =SUM(N21:O21) -> 0 | Q21: =SUM(M21+P21) -> 9 | R21: =SUM(J21+Q21) -> 270 | S21: KPM-SP-019
A22: 20 | C22: SD Negeri Raden Patah | D22: 35 | E22: 36 | F22: =SUM(D22:E22) -> 71 | G22: 32 | H22: 33 | I22: =SUM(G22:H22) -> 65 | J22: =SUM(F22+I22) -> 136 | K22: 4 | L22: 2 | M22: =SUM(K22:L22) -> 6 | P22: =SUM(N22:O22) -> 0 | Q22: =SUM(M22+P22) -> 6 | R22: =SUM(J22+Q22) -> 142 | S22: KPM-SP-020
A23: 21 | C23: SD Negeri Sumursari | D23: 7 | E23: 7 | F23: =SUM(D23:E23) -> 14 | G23: 9 | H23: 13 | I23: =SUM(G23:H23) -> 22 | J23: =SUM(F23+I23) -> 36 | K23: 2 | L23: 2 | M23: =SUM(K23:L23) -> 4 | N23: 2 | O23: 3 | P23: =SUM(N23:O23) -> 5 | Q23: =SUM(M23+P23) -> 9 | R23: =SUM(J23+Q23) -> 45 | S23: KPM-SP-021
A24: 22 | C24: MIS Miftahul Huda | D24: 38 | E24: 43 | F24: =SUM(D24:E24) -> 81 | G24: 30 | H24: 37 | I24: =SUM(G24:H24) -> 67 | J24: =SUM(F24+I24) -> 148 | K24: 4 | L24: 4 | M24: =SUM(K24:L24) -> 8 | O24: 1 | P24: =SUM(N24:O24) -> 1 | Q24: =SUM(M24+P24) -> 9 | R24: =SUM(J24+Q24) -> 157 | S24: KPM-SP-022
A25: 23 | C25: MIS Raudlatul Mubtadiin | D25: 21 | E25: 19 | F25: =SUM(D25:E25) -> 40 | G25: 21 | H25: 23 | I25: =SUM(G25:H25) -> 44 | J25: =SUM(F25+I25) -> 84 | K25: 5 | L25: 2 | M25: =SUM(K25:L25) -> 7 | O25: 1 | P25: =SUM(N25:O25) -> 1 | Q25: =SUM(M25+P25) -> 8 | R25: =SUM(J25+Q25) -> 92 | S25: KPM-SP-023
A26: 24 | C26: MIS Raudlatul Tholibin | D26: 61 | E26: 62 | F26: =SUM(D26:E26) -> 123 | G26: 54 | H26: 52 | I26: =SUM(G26:H26) -> 106 | J26: =SUM(F26+I26) -> 229 | K26: 6 | L26: 3 | M26: =SUM(K26:L26) -> 9 | N26: 1 | O26: 2 | P26: =SUM(N26:O26) -> 3 | Q26: =SUM(M26+P26) -> 12 | R26: =SUM(J26+Q26) -> 241 | S26: KPM-SP-024
A27: 25 | B27: SMP/MTs/SMP SLB/ Pesantren Kelas 1-3 | C27: MTsS Yapimu | G27: 57 | H27: 48 | I27: =SUM(G27:H27) -> 105 | J27: =I27 -> 105 | K27: 7 | L27: 13 | M27: =SUM(K27:L27) -> 20 | N27: 2 | O27: 3 | P27: =SUM(N27:O27) -> 5 | Q27: =SUM(M27+P27) -> 25 | R27: =SUM(J27+Q27) -> 130 | S27: KPM-SP-025
A28: 26 | C28: SMPS NU Ghofarona | G28: 37 | H28: 34 | I28: =SUM(G28:H28) -> 71 | J28: =I28 -> 71 | K28: 4 | L28: 9 | M28: =SUM(K28:L28) -> 13 | O28: 5 | P28: =SUM(N28:O28) -> 5 | Q28: =SUM(M28+P28) -> 18 | R28: =SUM(J28+Q28) -> 89 | S28: KPM-SP-026
A29: 27 | B29: SMA/MA/SMK/SMA SLB/Pesantren Kelas 4-6 | C29: MAS Yapimu | G29: 46 | H29: 34 | I29: =SUM(G29:H29) -> 80 | J29: =I29 -> 80 | K29: 7 | L29: 13 | M29: =SUM(K29:L29) -> 20 | N29: 2 | O29: 2 | P29: =SUM(N29:O29) -> 4 | Q29: =SUM(M29+P29) -> 24 | R29: =SUM(J29+Q29) -> 104 | S29: KPM-SP-027
A30: 28 | C30: SMKS NU Ghofarona | G30: 42 | H30: 81 | I30: =SUM(G30:H30) -> 123 | J30: =I30 -> 123 | K30: 8 | L30: 8 | M30: =SUM(K30:L30) -> 16 | N30: 3 | O30: 4 | P30: =SUM(N30:O30) -> 7 | Q30: =SUM(M30+P30) -> 23 | R30: =SUM(J30+Q30) -> 146 | S30: KPM-SP-028
A31: JUMLAH TOTAL | D31: =SUM(D3:D26) -> 623 | E31: =SUM(E3:E26) -> 681 | F31: =SUM(F3:F26) -> 1304 | G31: =SUM(G16:G30) -> 548 | H31: =SUM(H16:H30) -> 591 | I31: =SUM(I16:I30) -> 1139 | J31: =SUM(J3:J30) -> 2443 | K31: =SUM(K3:K30) -> 138 | L31: =SUM(L3:L30) -> 72 | M31: =SUM(M3:M30) -> 210 | N31: =SUM(N3:N30) -> 21 | O31: =SUM(O3:O30) -> 34 | P31: =SUM(P3:P30) -> 55 | Q31: =SUM(Q3:Q30) -> 265 | R31: =SUM(R3:R30) -> 2708

Sheet Posyandu
A1: NO | B1: KELOMPOK PM | C1: NAMA POSYANDU | D1: PORSI KECIL BALITA | G1: PORSI BESAR | J1: TOTAL 3B | K1: KODE KPM
D2: P | E2: L | F2: JUMLAH PORSI KECIL | G2: BUMIL | H2: BUSUI | I2: JUMLAH PORSI BESAR
A3: 1 | B3: BALITA, BUMIL & BUSUI | C3: Cempaka 1 | D3: 18 | E3: 26 | F3: =SUM(D3:E3) -> 44 | G3: 6 | H3: 32 | I3: =SUM(G3:H3) -> 38 | J3: =SUM(F3+I3) -> 82 | K3: KPM-POS-001
A4: 2 | C4: Cempaka 2 | D4: 24 | E4: 29 | F4: =SUM(D4:E4) -> 53 | G4: 6 | H4: 38 | I4: =SUM(G4:H4) -> 44 | J4: =SUM(F4+I4) -> 97 | K4: KPM-POS-002
A5: 3 | C5: Cempaka 3 | D5: 16 | E5: 18 | F5: =SUM(D5:E5) -> 34 | G5: 1 | H5: 19 | I5: =SUM(G5:H5) -> 20 | J5: =SUM(F5+I5) -> 54 | K5: KPM-POS-003
A6: 4 | C6: Cempaka 4 | D6: 21 | E6: 19 | F6: =SUM(D6:E6) -> 40 | G6: 5 | H6: 30 | I6: =SUM(G6:H6) -> 35 | J6: =SUM(F6+I6) -> 75 | K6: KPM-POS-004
A7: 5 | C7: Cempaka 5 | D7: 17 | E7: 18 | F7: =SUM(D7:E7) -> 35 | G7: 6 | H7: 20 | I7: =SUM(G7:H7) -> 26 | J7: =SUM(F7+I7) -> 61 | K7: KPM-POS-005
A8: 6 | C8: Cempaka 6 | D8: 20 | E8: 10 | F8: =SUM(D8:E8) -> 30 | G8: 3 | H8: 19 | I8: =SUM(G8:H8) -> 22 | J8: =SUM(F8+I8) -> 52 | K8: KPM-POS-006
A9: 7 | C9: Cempaka 7 | D9: 3 | E9: 10 | F9: =SUM(D9:E9) -> 13 | G9: 2 | H9: 6 | I9: =SUM(G9:H9) -> 8 | J9: =SUM(F9+I9) -> 21 | K9: KPM-POS-007
A10: 8 | C10: Purba Luwih 1 | D10: 20 | E10: 24 | F10: =SUM(D10:E10) -> 44 | G10: 0 | H10: 16 | I10: =SUM(G10:H10) -> 16 | J10: =SUM(F10+I10) -> 60 | K10: KPM-POS-008
A11: 9 | C11: Purba Luwih 2 | D11: 12 | E11: 7 | F11: =SUM(D11:E11) -> 19 | G11: 7 | H11: 19 | I11: =SUM(G11:H11) -> 26 | J11: =SUM(F11+I11) -> 45 | K11: KPM-POS-009
A12: 10 | C12: Purba Asih | D12: 13 | E12: 19 | F12: =SUM(D12:E12) -> 32 | G12: 7 | H12: 21 | I12: =SUM(G12:H12) -> 28 | J12: =SUM(F12+I12) -> 60 | K12: KPM-POS-010
A13: 11 | C13: Purba Sari | D13: 35 | E13: 25 | F13: =SUM(D13:E13) -> 60 | G13: 8 | H13: 39 | I13: =SUM(G13:H13) -> 47 | J13: =SUM(F13+I13) -> 107 | K13: KPM-POS-011
A14: 12 | C14: Purba Endah | D14: 40 | E14: 41 | F14: =SUM(D14:E14) -> 81 | G14: 9 | H14: 40 | I14: =SUM(G14:H14) -> 49 | J14: =SUM(F14+I14) -> 130 | K14: KPM-POS-012
A15: 13 | C15: Purba Jaya | D15: 24 | E15: 19 | F15: =SUM(D15:E15) -> 43 | G15: 5 | H15: 25 | I15: =SUM(G15:H15) -> 30 | J15: =SUM(F15+I15) -> 73 | K15: KPM-POS-013
A16: JUMLAH TOTAL | D16: =SUM(D3:D15) -> 263 | E16: =SUM(E3:E15) -> 265 | F16: =SUM(F3:F15) -> 528 | G16: =SUM(G3:G15) -> 65 | H16: =SUM(H3:H15) -> 324 | I16: =SUM(I3:I15) -> 389 | J16: =SUM(J3:J15) -> 917
